,Prefix,First Name,Last Name,Job Title,Mobile Number,Company,Business Category,NAICS Codes,Commodities,Location,Geographical Region,Number of Employees,Ethnicity,References,Scope of Work,Revenue,Business Description,Keywords,Business Structure,Fax Number,Outside Facilities
0,-3.8077,1.1332,-1.8665,1.4064,-0.32356665,0.22355,0.3960875,-0.7028567,-1.1429,-2.616944,2.5123,0.32138,-4.8666,-1.1060504,0.29899517,-1.2167,-1.0434185,-1.2045774,-2.9235,-0.23362666,2.1702
1,-0.52119,0.63617,-5.8125,-0.71155,-1.3514434,-3.9027276,-2.7468498,-3.2390833,-5.5225,-0.33257312,-4.6716,0.61406,0.40979,-1.4379333,-1.269188,-9.9711,-0.7651934,-2.4202175,-7.0693,-2.7785666,-1.4385
2,-2.9066,1.0022,1.5942,-0.68569,1.2281266,3.301675,4.167975,4.5402164,8.1828,1.6634929,3.4286,-0.41225,0.61569,1.805601,1.1039089,0.16368663,0.11743644,4.1529,3.077,0.67267996,1.8633
3,-3.0912,0.12825,1.4369,2.077,-1.2801,1.239675,2.34193,3.3262835,1.4684,-1.4431012,4.5623,-0.25805,1.2687,0.7235885,0.19404301,5.457767,1.0099907,1.718878,3.1733,-2.0097666,-2.0603
4,-4.3012,0.76131,-0.21905,2.49,-0.23580633,3.4415526,1.6173226,1.7719,1.5059,0.374065,1.5501,0.23352,4.9266,1.2728692,2.7474103,4.3613997,3.9371903,2.5208836,0.87611,0.14700334,-0.13968
5,-0.26032,1.0419,-0.76206,0.088638,-0.30157998,-0.17388505,-1.85064,-1.2403245,-1.5749,-0.96516275,1.8152,-0.33561,-0.51556,-0.8056305,-0.6894336,-3.5557067,-0.1347677,-1.0732621,0.41655,-1.6300501,3.008
6,0.69785,0.97754,-0.23203,-2.8499,-0.68303996,0.868145,-1.2967801,0.47889987,2.1667,1.940929,0.58845,0.13532,0.63849,0.6344556,-0.19345249,2.2028768,0.9840771,0.22105922,1.6787,-0.105846666,-1.5121
7,-2.3836,2.3622,-4.9559,-2.3119,0.3973973,-1.9261475,0.18218249,-0.5089484,-2.3453,0.18706734,-3.4598,1.3398,1.2426,-1.1108315,2.4655797,-1.1849657,2.5945618,-0.5862655,1.0548,-0.019786635,-0.47667
8,-2.4023,-1.8748,-0.32279,0.2277,-1.05132,-1.17906,0.045722544,-0.15220165,-1.7805,-0.636877,-0.33326,0.55209,1.7922,-0.9795361,-2.6306577,2.1714666,-1.2359263,-1.5693002,0.024597,-0.21762998,-2.4696
9,9.44,-0.50948,-1.502,-3.5994,0.47301996,-1.8613751,-1.6632375,-1.8914434,-3.1691,3.2369685,-1.7514,-1.6414,0.86768,-0.16371742,-1.5229033,-5.424467,-0.7025647,-0.0058030994,-1.5751,1.4629399,-1.3695
10,1.6838,3.5942,0.3302,3.3205,-0.5041083,0.31505013,4.5627,5.2378335,5.6493,-1.5484612,1.8021,-0.56808,4.1954,-0.23054902,4.786809,-1.8997434,4.7151213,3.8297179,3.3096,-0.17734666,-3.7992
11,-3.5622,0.23356,0.329,0.79904,-1.4899501,1.7391,0.91782755,0.6558966,2.9092,-0.48710284,1.1176,-1.0888,1.8317,-0.1808363,2.8556695,-0.54006934,2.3161948,0.9503898,1.6569,-0.9682234,-3.4258
12,2.5661,-2.4514,1.7061,-4.4593,0.26311332,-3.759175,-3.5621998,-3.9922497,-4.3978,-1.579692,-2.0174,2.0732,-1.2639,-0.59918135,-4.1628923,0.78185004,-4.248928,-3.9211135,-3.1123,0.5914716,3.8069
13,0.49276,-0.68058,1.2781,-1.1266,-0.6966467,-0.576475,0.542355,1.0534134,1.7338,1.7642568,-1.529,1.0475,1.4148,0.18569052,1.4880204,-2.5268335,0.9664771,1.3184346,1.5488,-0.41468665,-0.85999
14,-5.5891,-2.7517,-0.38525,-5.1961,-0.4253027,-1.5649875,-0.43443498,-0.05877829,2.1293,-2.9715018,-2.5243,0.014271,0.69529,-2.1267202,-1.6498414,-4.5012336,0.060928103,-0.17905699,-4.7001,0.23209332,-1.1479
15,-3.8202,2.2168,1.1577,5.7163,-0.4752594,2.420485,2.39655,2.2153168,1.8772,-0.9676307,3.2635,1.2396,1.1815,0.17286193,0.3993972,-4.9697337,1.8139877,1.2906308,5.6788,-1.0219866,-1.2935
16,-2.1703,1.8227,2.3023,0.54252,0.085476995,2.19785,3.0294247,4.5572333,6.7191,0.516857,5.1482,1.5395,-1.5158,0.42540073,4.474076,4.0695996,2.1714823,3.0476568,3.4385,0.276193,-2.5269
17,1.6331,1.9409,2.6664,1.7376,1.2226399,5.55175,3.945475,4.2186837,4.9828,3.8253589,-1.4665,0.41026,0.57047,2.6897063,1.3856565,0.42573333,0.983923,2.1458511,7.4424,0.8602419,2.4942
18,2.468,-3.0885,-0.53355,-1.9242,-2.4008672,-0.37897497,-4.5125504,-5.4356995,-5.4643,-1.8936602,-2.4863,0.020379,1.638,-1.7410678,-3.2061706,0.27231336,-1.9658113,-1.8235657,-3.6357,-2.0920331,-2.2553
19,6.2484,0.39383,0.001534,5.057,-0.8423566,-2.11049,-0.8798425,-1.5479584,0.22088,-1.3485602,-0.066536,0.91577,-0.64876,0.6733227,1.4959555,3.7032,-0.88517326,0.13121411,-1.3881,-0.7091734,-2.4464
20,-2.4268,1.6169,-0.52538,1.7699,-0.38766003,0.806355,0.37483752,-0.70611995,-1.295,-1.9272592,2.995,0.99194,-4.3332,-0.30096343,-0.9933276,-0.70277673,0.34862307,-0.6032585,1.4773,-0.7669299,-0.73483
21,0.88878,0.96229,-0.11461,-1.6703,0.57211334,2.2562082,0.80746245,1.0578742,0.5964,1.447648,0.61935,-0.28066,1.5097,0.94039834,0.0190948,4.558767,0.5980231,1.0399271,5.0034,-0.48378,-2.0619
22,8.0586,-0.72315,-4.4239,0.90547,-0.632921,-3.7186751,-2.278695,-2.0889666,-1.8735,0.07950223,-2.4055,0.62212,-2.5979,-0.41445148,-2.4465287,1.8452934,-2.3012059,-1.2784241,-3.1306,-0.8903034,-0.96745
23,-1.3841,-1.9408,2.5776,3.2243,0.28544,3.4294999,3.634925,5.0601,5.4963,0.586847,-2.8374,-1.8566,-0.4788,0.9530339,1.0805253,3.5013485,2.0563767,1.8970573,4.1942,1.3888868,-0.45936
24,-0.068706,-2.6202,2.4403,3.4054,0.3703103,0.54368,2.89595,1.2491183,1.3408,0.88422203,0.2184,-1.2831,4.126,1.9762871,-1.5291126,-10.3843,0.48612958,1.6406413,3.4091,-0.41567767,-0.71279
25,2.3051,-2.5602,0.78111,-0.23364,0.7736843,-2.1008,-1.6479149,-2.2069235,-4.4271,-1.1909813,-0.59533,1.4375,0.15348,-1.096563,-2.3126588,3.0358334,-1.3765134,-1.2550917,-3.5845,0.097926654,-0.83612
26,-0.78225,-3.7321,0.36923,-1.5526,-0.4607233,-0.8299215,-2.35609,-2.1388,-2.4141,0.13995598,-2.2457,0.52285,-2.9934,-1.1451117,0.15854187,0.6703634,-2.71937,-2.5342693,-2.3979,-0.18824,-0.62849
27,2.2967,0.80869,1.4316,-0.53425,0.77309996,-0.58184,-0.27873248,-0.05235501,-2.1213,-2.547467,-1.8763,0.24004,-0.90673,-0.20745108,-1.0815175,5.304167,-1.0048686,-0.8688779,0.037963,1.2166201,0.68376
28,-3.6273,0.56481,-2.0103,-0.16635,0.114543654,-1.4017825,-0.35018,-2.1368134,-3.8373,0.9321111,-0.19307,-0.80384,2.3191,-0.1605247,-0.71701807,-2.3657668,-0.87621915,-0.27041015,-3.563,-0.36298668,-3.3138
29,-4.2902,-3.1659,2.5314,-3.2199,-1.62231,-3.3149502,-0.160775,-1.9122492,-1.2948,-1.694623,-0.555,0.20363,-1.7283,-1.9784894,-0.6451255,1.5521001,0.012142285,-0.8220311,-3.0344,-0.6284,-1.2993
30,-3.0317,-0.55483,-2.3635,-1.3633,-0.66015595,2.79091,1.539145,1.7036567,0.36446,-0.45801002,2.1372,-0.80199,-0.72065,-0.033695962,1.1113572,4.3834,1.4052837,0.6179319,0.45565,0.085543334,0.30716
31,0.35158,2.1469,0.84429,2.3955,-1.8645085,1.405115,0.90172255,2.3038166,1.0746,0.67444617,1.9629,0.59575,-2.7876,1.227888,0.5317471,1.2329667,0.7462154,1.1827682,1.8441,-0.9887833,1.6262
32,1.757,1.3397,3.163,3.8625,1.0771999,0.748475,1.733475,1.63063,-0.73079,-0.7000941,2.1912,1.9679,-1.5149,1.3740172,-1.3663064,0.72777337,-0.14192358,-0.14094709,1.592,0.30703333,1.9551
33,0.98222,0.15495,1.2199,-0.89311,0.50498664,1.19655,0.77436996,1.0198715,0.38226,-3.094729,1.207,1.2597,-1.0117,0.30776381,1.5754039,-1.16335,-1.1860734,-0.31368187,2.4186,1.0103034,1.0416
34,-11.273,-0.051769,-2.0503,-3.4929,-0.89787,-1.9340127,-1.4459125,-0.33540663,-0.34567,-0.45863003,1.4218,-0.094224,-2.7492,-1.6494535,1.0118102,-1.4252933,-0.58723074,-0.5085843,-3.1832,-0.6991167,1.894
35,-2.171,-4.9153,0.58228,-3.6738,-0.813284,-1.7437425,0.23716998,-1.2860166,-3.5728,0.11677518,-3.2551,0.77771,-1.2884,-0.57095945,-1.4164587,-10.4323,-1.1073568,-0.7104149,-1.0817,-1.2115,-2.2685
36,3.4543,-0.92513,0.31492,-1.2739,-0.944139,2.7599626,4.717825,3.4869416,2.9289,0.39548403,7.1312,0.44455,-0.86529,1.1360077,0.93271834,3.8376,0.6690628,1.9209646,2.2128,0.36728337,3.3789
37,-5.7165,0.67654,-3.5937,-0.7751,0.60055,-0.98184013,-1.4003375,-1.2750833,-1.0409,-0.275181,-3.1029,-0.77368,-0.59152,-1.3633021,0.16143274,2.8952,0.47702175,-0.30902055,-1.0828,0.56815,-1.9911
38,0.68523,-4.3824,-4.3227,-6.4182,0.80978996,0.3430251,-2.1609302,-1.22482,-2.2584,-0.065902784,-3.1891,1.7788,-0.27527,-0.9455327,1.175395,1.9180666,0.48283035,-1.4497658,-2.5316,0.72527,2.1416
39,2.259,-1.1489,-3.7286,-3.7298,1.8115416,-1.9483376,-0.98352504,-1.8795334,-2.332,1.501981,-1.1559,-1.6771,-2.9683,-0.81098574,0.20233363,0.92257,-0.5880131,-1.4585688,-3.9679,1.3543835,2.3094
40,-5.771,-0.28764,1.2206,-2.2583,1.5674601,1.809875,2.1696625,3.0756004,3.0248,-0.2924723,1.6925,-1.6167,-0.11711,0.86518246,0.85655093,2.2494333,0.78210086,1.8803586,1.5159,0.9896667,1.8411
41,-0.037275,-0.36897,-0.14275,-1.0786,0.55515,2.8720975,1.4394649,-1.0266067,-0.93124,1.5286956,3.4863,-0.71876,-0.0097182,0.8337944,1.4981818,0.5889366,0.7461166,0.17208835,-1.2531,-0.120730005,0.92417
42,2.848,-1.0179,-1.0091,3.2672,-0.38878334,-1.20322,-2.470625,-3.60805,-5.4137,-0.023534015,-3.2654,0.58953,-0.44785,-1.024345,-2.0864606,-5.482967,-0.7136212,-2.468192,-1.9452,-1.5841733,-0.65867
43,-1.2823,6.0308,2.7022,4.3141,0.44373035,2.0416117,2.9847999,3.2195168,4.0299,2.4904423,3.4288,-1.1273,1.2917,1.6008186,0.5714596,3.3034801,0.85614103,2.3422818,2.7001,0.09112268,-0.56773
44,2.2518,-0.013272,-1.0794,0.26163,0.24716102,-1.5696001,-3.667725,-4.1101336,-1.1207,-1.0817679,-3.9471,1.1765,-0.6485,-1.7032845,-1.8394257,-0.15536673,-1.5980554,-1.7651304,-4.0543,-0.15370713,0.94644
45,-3.2907,-0.012939,-1.6981,-2.0665,0.23952098,2.5824325,2.21107,1.4705948,-0.44595,1.4532368,0.4776,0.14954,-0.8593,1.1080389,1.4127773,4.5017667,1.4879724,0.4044943,1.9337,-0.384644,2.2682
46,0.14592,0.39859,-0.068854,-1.4891,-0.284008,-1.8539476,0.937765,3.4172833,2.228,-0.8440703,1.004,1.0367,-2.2075,0.25849706,1.386062,1.2237,0.94136643,1.1099684,0.76874,0.26813,0.67093
47,-0.15102,0.16158,-1.7981,-1.4281,-0.17409332,0.92819774,-3.1545,-2.103365,1.0088,0.99211895,0.17086,-0.78234,0.65564,-0.63593477,-2.4600625,11.628367,-1.4538403,-0.6460271,-1.8167,-0.21278667,-1.7898
48,2.0182,-2.6451,1.6489,-2.2369,1.3079401,1.853081,-0.0025700033,0.13530168,-1.2103,2.203104,2.8354,0.038317,-1.402,1.3092053,-0.49401852,8.330267,0.27314585,0.21354482,1.6406,1.7599001,-1.5333
49,2.5328,-1.041,-4.7274,-1.6732,2.6267834,-2.0457673,-5.168075,-5.451216,-7.6267,1.512496,-6.473,1.5709,1.9059,-0.8442686,-1.5791371,-5.7081,-1.2197728,-3.601475,-3.6124,1.4807366,1.7064
50,-1.5929,-0.95239,-2.6508,-4.0101,-0.08733333,1.380795,-0.8708549,-2.0234466,-3.4273,-0.8662609,-1.1038,0.31158,-1.6546,-0.19876206,0.25227478,2.05248,-0.19056255,-1.320641,-1.492,-0.060336232,-1.5104
51,-0.59011,0.077307,1.068,3.0382,-2.1254468,-0.20548746,2.12105,1.8906502,2.0811,-2.172649,-1.5307,-1.2695,3.0245,-0.43526596,1.0360475,0.15393336,1.8959714,1.329037,3.3969,-2.8682,-0.88274
52,3.143,0.19556,-1.6501,2.3681,-0.05498,-2.3840752,-1.1290425,-0.91629505,-1.6429,-1.8409731,-1.849,1.5641,1.957,-1.1629338,-0.49843803,-7.738933,-0.6109433,-0.62011474,-0.93976,-0.31091967,0.67452
53,5.618,-1.0214,0.42557,-1.3629,-0.273253,-0.72862494,-2.3483672,-3.316293,-0.57146,1.0923349,0.74617,0.84571,-1.1334,0.51852596,-2.5959089,3.5546665,-3.5805147,-2.3831906,-2.1081,0.61601335,1.5714
54,1.7508,2.2541,0.45455,1.9733,0.0954,-0.50720173,2.0575,0.22006547,0.44198,-0.33689296,0.51892,-0.94183,-1.5226,-0.4150021,-1.3073013,-0.7326967,-0.43987373,-0.88709456,3.6582,1.3287133,-3.3743
55,-6.8532,-3.3127,-1.4231,4.217,-0.654148,0.30584878,2.248625,1.6621116,0.30855,0.116954125,3.7178,-0.17989,-0.13842,0.46640474,1.6185244,3.4264333,0.89155424,0.9485682,-1.2751,-0.34163666,0.40904
56,-1.2258,0.62754,-3.1138,-0.40505,1.2921567,-1.427875,-3.7785249,-4.25635,-4.0105,0.92155504,-2.5389,0.15778,1.705,-1.1393287,-2.8250775,-9.480267,-2.259648,-2.5224156,-3.874,1.7314,1.0998
57,0.23438,-2.3237,-0.97385,0.94125,2.1139567,-0.28717685,1.2673725,-0.25190333,-0.83747,1.3673189,1.8005,-0.38212,-0.98879,-0.4520731,1.7603241,4.6619334,1.6032118,0.33966738,-0.64344,1.3093799,0.97725
58,-3.996,-0.056205,-0.22143,-1.2449,-2.05486,-1.9051499,-0.022517443,1.7611634,0.12667,-0.62049955,-2.6325,-0.68587,1.1416,-1.3852701,-0.85262513,-1.6607567,0.5911427,1.1482568,-3.9132,-1.3565668,-1.9501
59,-4.4397,-0.77156,-2.4436,-2.6056,-0.0045296676,2.1644251,-2.682725,-3.594783,-4.038,-1.730066,-0.1824,0.76218,-0.71658,-0.799367,-2.3104591,-3.2648335,-1.0746193,-1.5886331,-1.3425,-0.28660664,2.5116
60,-3.9217,2.6254,1.0359,-0.37068,0.13090332,2.14838,1.5037175,1.3439983,0.2009,-1.0351057,2.8695,0.65693,-1.2885,0.5852483,3.5519137,-6.6811333,1.1123979,1.2708762,2.2789,-0.65920335,2.8646
61,-0.58513,0.49194,-4.3295,-3.0393,-0.96229,0.34247252,0.96362257,0.70316005,-2.1065,2.5646756,-1.6465,1.825,-2.1787,0.1896999,2.3180425,4.9897666,-0.25387824,0.51896626,-2.5525,-0.6184034,1.0138
62,0.09204,-2.2393,-1.8643,1.3815,0.035180014,0.1036925,-3.361825,-2.0039384,-0.28141,-0.20940796,2.7189,-0.70879,-1.6853,-0.62713766,-2.2601953,-0.9705,-1.2570274,-0.8233294,-0.2895,1.4109234,0.82744
63,1.8831,0.69368,3.5574,0.78574,0.82114965,3.784375,2.5062501,2.5695665,2.6353,-0.18786399,7.2214,-1.121,2.5636,1.7588078,0.54548246,-0.59953344,-0.6284941,2.5868704,1.226,0.79493666,-0.13212
64,3.1983,3.1066,-2.5765,7.0896,0.13130766,3.360625,2.6544,3.5057833,3.8913,2.0649602,4.5955,-0.4626,2.9475,2.7637026,1.3226666,6.3392997,3.334039,3.7284179,2.6779,0.6624734,-1.1123
65,-2.4999,-1.1254,-2.5117,-0.51829,0.5313733,0.62298495,-0.450705,0.095506705,1.314,1.1225989,-1.2092,-0.66741,-1.3757,0.48767576,3.3294048,-2.2927434,1.6134913,1.4013104,-1.2427,0.628422,1.7758
66,4.565,-2.169,-0.097585,1.0269,-0.76045996,-0.023119986,1.4116224,-0.26191032,-0.34178,-0.6954935,-0.18086,-1.3749,-0.62812,0.46754783,-1.6916081,0.23470004,-2.0833983,-1.4802119,1.9148,-0.46136996,-1.3142
67,-2.4512,-2.2318,-2.4885,-0.76073,0.6853833,-0.345375,-1.6240875,-2.4987998,-2.5898,1.5960389,-3.4247,0.0815,-0.42455,0.35654598,-3.9782324,-0.40824667,-1.6543202,-1.4092363,-1.8631,0.38763332,-0.30187
68,-0.72478,1.4191,2.3916,3.0416,0.49105665,0.43520498,2.238975,2.3096983,3.5752,0.39029706,4.7006,-0.87972,-0.088299,0.49451745,0.5964909,-0.6755666,0.53014433,1.5832912,2.6686,0.93140334,-0.53155
69,1.6769,-0.78952,2.434,3.6352,-0.9359867,-0.38813,2.1729276,2.3620167,1.1355,1.5809242,-0.65115,-0.62508,0.84325,0.8966881,2.6098864,1.9039999,1.4684389,1.6350621,2.1561,-0.61123866,2.2525
70,-0.36574,-3.4619,2.4393,3.7146,-0.22408533,-1.341065,-0.6685475,-2.4624,-3.6569,-1.8210096,3.9162,-0.90378,-0.13091,0.09784066,-0.7980906,-0.79990005,-0.54441005,-1.7612734,-1.0035,-0.71835566,1.1954
71,-3.9262,-1.3327,1.6899,-3.5911,-0.28243336,0.24409746,0.82703006,0.7779317,1.1023,-1.1818087,-0.15448,-1.3627,0.43356,-0.88224536,-0.053332053,2.4394333,-0.49141842,0.70198864,1.8872,-0.42891002,0.096023
72,-1.9134,-1.076,1.8698,0.93236,0.022576666,-1.6564125,-1.4003999,-1.4176,-1.1296,0.1813675,3.6004,-0.79267,1.0436,-0.09500061,-0.40762803,2.2567666,-1.1368895,-0.010592721,-3.2383,-0.057029992,0.49693
73,2.3029,2.208,0.40399,3.4889,-0.55913,1.3913574,0.5181,2.5208619,1.2586,0.77811414,3.2934,-1.1889,0.51561,0.28831506,0.3849147,2.0340378,0.6749258,1.3816602,1.055,-1.5077934,-1.5994
74,4.3189,1.6815,-3.6671,0.37757,0.23612034,1.8149875,-1.2258801,-2.6016333,-1.4635,-0.73937213,-5.1866,0.82195,-1.6701,-0.12763374,-1.597592,-2.990343,-0.30994552,-1.2706732,-0.5306,-0.16813965,-1.0577
75,1.9298,4.4708,-2.5203,-1.5873,-0.14042333,-0.60645753,-2.1348126,-0.9966567,-1.388,1.0678012,1.4352,-0.93509,-0.49437,0.4208696,0.006020231,4.646167,0.73177797,-0.6504658,-2.9066,-0.40057698,-0.7178
76,-0.28783,-0.60675,2.4514,0.83981,0.38238335,0.38707995,-0.5744325,-0.9893467,-1.7176,0.797532,1.7305,1.0769,-2.9252,0.15259206,-1.4127169,6.0754,-1.4551954,-0.8426737,-1.3182,0.7438633,3.8514
77,2.6903,-1.6403,1.3338,3.762,0.07092,1.5202125,3.8929,3.724,1.9234,-1.389101,-0.11138,-0.64875,0.55739,0.90071523,0.23240162,-1.8027433,1.4046533,1.9432725,3.9565,1.0573534,1.2361
78,-1.6828,-0.94946,-1.3653,-1.6328,-0.7795467,1.6318225,-0.7186425,-1.3412951,-0.70196,0.8088021,2.8227,1.0117,-1.2061,0.10150766,-1.013766,-0.7856967,-0.9797622,-1.0429231,0.24821,-1.3323234,-1.1728
79,-1.0105,2.0028,3.1903,-0.19659,0.6193283,1.97667,0.30798995,1.6616001,1.1491,1.3975954,-0.060778,0.31949,2.0873,0.68897563,2.4126995,11.408299,0.8746436,1.9002099,0.70523,0.7312033,-2.6365
80,1.7446,-0.6191,1.096,0.086598,0.26922867,1.172205,-0.812625,0.18480639,1.4578,-0.6352931,0.64776,0.16987,-0.0933,1.232038,-2.3183177,4.5066667,-2.9492078,0.24710709,0.70512,-0.22242332,-0.32638
81,3.2233,0.71,1.5223,-1.8636,1.6172372,2.3969738,0.35554,0.6926667,-0.70645,1.6553112,0.86164,0.29045,0.44103,1.8154902,-0.48086798,2.0382166,-0.000470455,-0.20406762,3.4707,0.8694,-0.73467
82,0.84087,-1.0791,-0.71507,-3.2677,-0.30947667,-2.475425,-4.021975,-3.7843502,-5.997,-1.789386,-4.1786,1.9683,-1.056,-2.0387406,-1.513424,-9.472233,-0.092345834,-2.2643843,-2.7727,0.08929666,0.78209
83,1.6589,-0.020995,-1.0006,2.0952,0.43714035,-0.2042,0.7871975,1.1454922,0.98436,1.119047,4.1656,0.18754,0.57057,1.4088863,1.9278569,2.7157402,1.7187614,0.7995091,0.47386,0.86433333,-0.2735
84,-0.79708,-0.33035,-3.4341,-5.3947,0.030643994,1.6175901,-1.7110325,-1.306255,0.80052,0.6052657,0.64576,0.014313,3.4978,-0.3480385,0.7069268,1.5884266,0.82043016,-0.04722368,-1.0961,0.07321334,1.1814
85,-1.7601,-0.40885,1.3826,1.5862,0.44779667,-2.4101,1.9126499,1.4263333,1.3993,-0.89462936,-0.008259,-1.3854,1.4382,-0.86683553,0.8645257,-1.4027667,0.29667506,0.013411433,-3.2372,0.19984667,-0.47648
86,-1.8512,-1.8472,-2.3819,-5.121,-1.22738,-0.80657494,-1.9865177,-2.5418668,-1.0883,0.243534,-0.41493,0.92617,-0.79326,-1.2134016,-0.4621171,0.69806653,-1.469541,-1.8040351,-3.0527,-0.7324333,-2.9741
87,4.1892,-1.4675,2.0482,-2.3063,0.045817334,-1.6444725,-0.47298712,-0.76664495,0.58385,0.7568196,-4.6626,-0.34019,-1.9431,0.20213613,-2.2016332,3.8203669,-2.659849,-1.7188715,-0.38082,1.0230967,-1.3388
88,-0.83049,-0.78636,0.97384,4.1452,-0.15385,0.5346053,0.54823756,2.14455,2.8239,-1.986384,0.4831,0.3608,-1.2939,-0.34163266,1.6201296,-4.5642667,0.7148079,0.61403817,1.4227,-0.40643668,-1.2531
89,-2.3049,-0.25143,-3.2911,-5.5419,0.5350407,1.125035,-0.7318775,-0.37619662,-1.4222,1.5633801,-0.4212,1.8689,-1.1958,-0.5414666,0.34446976,3.1869335,-0.10491618,-0.51587284,0.099635,0.26751003,0.14523
90,-0.84975,0.94291,-0.26866,-1.0979,-2.1879766,0.99787754,1.1650792,2.4482334,2.4215,-0.95213,1.9913,-0.82122,-1.5429,-0.6301618,-0.93977046,0.6746667,-0.2588604,0.8107867,0.27011,-1.6496667,2.4433
91,-1.7642,3.5994,-0.20704,2.8145,1.8252268,0.87228006,1.3116174,1.9277734,1.4495,3.4521458,-2.5121,-0.081057,0.16044,0.7890309,1.2138314,9.5427,1.130891,1.243958,1.5925,1.3459381,1.6526
92,3.0408,1.8594,0.38156,1.6987,1.2677633,-2.7870724,1.0068675,0.32891664,1.4167,0.3594869,-2.3772,-0.48657,0.96032,-0.784843,1.1684027,-2.7066333,0.20295733,-1.114691,-0.3384,0.45376334,-0.012231
93,-0.47096,-0.24924,1.7969,-1.3401,0.2638861,0.75385255,0.93148994,-0.8861634,-3.5043,1.1781633,2.3591,0.090951,0.25115,1.551871,-1.7935975,9.817666,-1.7555852,-0.26836914,-1.5001,0.11653336,-1.9846
94,1.3503,-2.2334,3.6052,1.7172,0.5182767,-0.5237775,-0.90420496,-0.056378335,1.3993,-0.0022678121,-0.14457,0.92954,-1.0087,0.030572651,-0.57060087,-2.60547,-0.36894444,-0.7512065,1.6986,-0.16986413,-3.0004
95,0.058606,1.6411,3.9838,3.096,-0.17054999,1.25105,2.5318751,2.1603167,1.277,-1.1575334,1.4578,1.9139,0.63688,0.0624772,0.5254088,11.672347,0.84789324,0.83357704,2.4762,-0.10829663,2.009
96,-2.0301,1.8574,-1.9758,-3.1097,0.46716,-2.45314,-1.448285,-2.4853349,-5.5643,2.494795,-1.5591,0.18218,-1.368,-0.5354708,-1.0452175,-1.94599,0.032448247,-0.5999391,-2.379,-0.91456336,2.0472
97,2.9373,-0.1712,-2.2506,1.1372,1.30193,-0.13194747,-0.74537146,1.4506,2.7285,2.0143108,-1.6906,0.77682,-1.2906,0.31836256,-0.6127748,2.6042666,-1.2266382,-0.59868455,1.6251,1.6976,-2.5905
98,0.74428,0.002453,0.72505,3.6573,-0.12808667,-0.2340875,2.3647602,0.81706285,1.1045,0.9307736,1.7748,1.3976,0.63954,0.98192257,1.6397638,0.5964667,1.1823121,1.3550981,1.9593,-0.9728467,-2.2358
99,5.8556,-0.30155,0.087503,2.3165,-1.3628901,0.37868997,1.6335261,1.6485482,0.62389,-1.1648954,1.8749,-0.77915,-1.0101,0.62023735,1.3285736,-1.1237,1.5033338,0.9094696,2.8446,-0.9003933,2.798
100,5.1881,-0.17808,-0.56178,3.3572,0.6086543,4.0494127,2.5654774,3.3718998,3.1644,2.7019005,2.1257,-0.85111,0.41436,1.9303406,3.1499157,2.6633666,2.9271636,2.8583739,3.5797,0.68734336,0.98433
101,2.4299,0.79467,-0.22656,1.5371,2.2143729,-0.9124125,1.4704726,0.4717817,-0.4376,0.38432774,-0.46478,-0.17566,0.33429,0.28537816,1.6442031,-3.0853398,0.065462984,0.057693675,-3.8122,2.3902333,-1.0391
102,0.51394,-1.4551,-3.3692,2.623,1.9816269,1.5770752,-0.37898248,1.0939502,4.0218,4.020452,-1.3011,1.3507,2.1049,0.1694096,1.551561,5.1719337,1.9901956,1.2863775,1.9339,2.1191332,0.15141
103,-3.6741,2.5509,0.66887,6.8872,-0.65494,1.2991074,1.5511,0.6810766,0.57894,0.98717415,0.99583,1.1162,0.02737,1.2283843,1.8155658,2.0318234,2.3326237,1.6290337,0.75606,-1.10112,0.34708
104,-2.6074,2.015,-2.2262,-2.2539,1.4519967,0.3642925,-1.0434074,0.14688335,0.72352,1.7051741,0.30393,0.72817,-2.7135,1.1998436,1.3119345,2.9242334,-0.29350948,-0.08570594,-1.1139,1.9036335,4.844
105,0.21687,2.0215,1.4278,1.0778,-0.570144,2.080665,4.4194,4.6090336,5.1169,0.15658961,3.7923,1.4039,2.1838,1.0283682,5.1723676,4.4163666,4.7763414,4.0612497,5.861,-0.9756233,4.1323
106,5.4196,2.2923,0.63836,1.5264,-0.454818,1.015405,1.32933,2.7182066,4.6832,-0.41605082,2.7448,0.099975,3.9312,0.2970657,1.3013088,-6.6750665,-0.24590068,2.4229574,2.0759,0.5206233,-0.89422
107,-1.0546,0.75361,2.6003,0.85733,0.11788335,-2.1929,-2.059675,-2.0033333,-3.757,-1.5205294,1.2491,1.7068,0.47532,-0.4766056,-1.993676,-4.8524666,-2.2922564,-1.6479367,-2.9804,0.46746334,1.7215
108,1.6967,2.2805,3.3195,1.1229,-0.5207267,2.331827,1.45513,2.6484516,2.5305,-0.42104763,1.5735,-1.007,-2.0636,1.9835247,-0.34527713,-1.3214668,-0.47413987,0.8399024,3.7943,-0.32684165,-1.2363
109,1.6937,-1.5849,-1.8308,-4.541,0.24032664,-6.958475,-2.95862,-3.16165,-1.0286,-1.9293839,-2.4004,-0.3975,-0.12189,-3.2723937,-1.4425442,-1.9698232,-2.9986343,-2.37449,-6.5401,-0.16875331,-1.942
110,-0.091925,-0.41487,2.2445,5.5177,-1.2961367,4.2009497,4.0733747,5.1329665,7.528,-1.5058091,5.3049,-0.58758,-0.35622,0.752274,3.6877759,1.7990466,2.3860958,3.0498378,5.4945,-1.9228667,-0.04741
111,-1.4926,0.76599,-0.68909,-2.3464,-0.24724667,-0.09022498,-1.3361325,-1.0552367,-1.5676,-1.642759,4.7766,0.54151,1.4419,-1.1520665,-0.35674495,-2.4987001,-0.41725472,-0.056035396,-0.74588,0.18734999,1.0503
112,3.2463,-0.34675,-0.24048,-0.18255,1.2797498,-0.70854497,-2.691375,-2.3265002,-3.5427,0.34045103,-3.7711,0.58329,-2.5007,0.90310824,-1.5824131,3.7290668,-1.5289104,-2.0909677,-1.5011,0.73389333,3.8008
113,-4.4761,-0.14256,-1.9309,-2.5375,0.6233467,-0.4285275,-2.6759,-1.1642066,1.6741,0.1422227,-2.7149,0.9366,-1.915,-0.17572089,0.20210795,-5.8373666,-0.73757654,-1.532955,-2.0948,0.21676336,-2.2981
114,2.9845,2.0898,-1.3174,0.59894,0.90971327,2.4331574,1.40452,2.1304433,3.7492,-1.0442243,4.8972,-0.96362,1.5473,0.3338829,1.8940408,-7.0259995,0.12621763,1.355585,2.617,1.0942999,-1.4059
115,-5.295,-0.83877,-3.1697,0.45768,1.5546633,-0.50548,1.883925,1.5657266,-1.3215,0.87488806,0.60716,-0.012083,-1.4666,-0.6785712,1.9599277,-1.9870666,1.6453872,-0.011086852,0.19659,0.82056665,-0.38754
116,3.0367,-0.4013,0.45827,-1.6746,0.19229633,-2.0446,-1.48886,-2.556635,-1.5769,1.0335939,0.029982,-0.73884,2.6962,-0.602492,-2.816694,-4.0911036,-1.7936076,-0.9243325,-1.3177,1.111107,-1.1452
117,-1.0837,-0.59364,2.6312,-0.37692,-0.017948344,1.8626502,3.216875,1.7528033,2.7222,-2.5659366,-2.7313,0.15346,-2.55,-0.37461248,0.47529557,0.3589703,-0.12512401,0.59004295,0.86636,0.79131335,-0.2813
118,-0.28187,1.1342,-2.4563,-2.0239,2.088125,-2.7134748,-2.8643148,-2.3296335,-5.56,2.8829548,-2.6545,0.69397,-0.33825,-1.1210139,-1.0171041,-0.89242667,-0.7565398,-1.5490159,0.44677,1.0080333,-1.5761
119,-0.69221,-2.4276,3.1433,1.2934,-1.0047033,0.050998025,-2.69015,-2.4515831,-2.1481,-0.06795132,1.7275,0.097922,-3.106,-0.57109606,-3.0396008,0.42666674,-1.6521075,-2.3332372,-1.4867,-0.9773,-0.36242
120,-0.87708,-2.4765,-1.4842,4.9178,1.2966233,-0.2551725,-0.68001574,-2.5627832,-1.5504,-0.135136,3.9381,1.3732,4.024,-0.42737216,-2.6696022,4.2944326,-1.1118064,-1.0613253,1.935,1.4909434,-0.96577
121,1.5416,-0.47955,-0.93073,-2.1464,-0.6121133,-0.41182244,-1.8981075,-3.24145,-3.737,-1.2908967,-2.1087,-0.1466,-0.55633,-0.86236554,-1.9600425,-3.7242668,-1.5583006,-1.3617287,-5.1787,-0.67299336,-0.9236
122,-2.2067,1.5995,3.1353,2.9241,2.1668434,3.67205,3.5578752,3.6187832,4.1195,1.388609,9.3853,0.46779,0.40762,3.3784459,3.0572324,-0.24466665,1.0082312,3.258287,3.4885,1.9594334,2.9457
123,-0.13948,0.11507,-2.2458,-3.1678,-0.28707996,0.14150748,-1.1233625,-0.3846716,-0.79748,-1.5384811,-0.019131,-0.022554,-0.074432,-0.6747745,0.25620678,-7.3230233,0.026787449,-0.34822005,-3.3247,-0.43030667,2.4365
124,-3.0161,-3.7003,-2.5827,2.8723,-0.12752666,1.1272974,1.12229,0.40885004,0.94515,-1.9589697,0.024557,-0.63551,-1.9779,0.015498316,1.3754086,-3.559164,0.2060372,0.26334342,-1.8817,0.43598,-0.59967
125,2.7442,-1.623,-0.55673,-3.9162,0.50862,0.6117126,-2.2603326,-3.0443165,-2.0035,-0.88550633,-0.34933,-0.052219,-4.6195,0.34581742,-3.2078266,-3.6779,-3.6289907,-2.2261326,-4.1172,0.331505,0.14555
126,0.26785,-2.3873,2.3461,4.8252,1.0749917,-2.0188124,0.68185246,1.04974,-2.2646,1.1004679,0.59189,1.6424,2.701,0.024828633,0.52062804,-2.2661667,0.43396768,0.9965305,0.24805,0.44590667,3.4713
127,2.6922,-1.3938,-1.3302,-0.79241,-2.28398,-3.9995027,-3.680275,-4.6491833,-3.7895,-2.3167431,1.0213,-1.0714,-2.4649,-1.7052513,-3.5250106,0.2934933,-3.4092987,-3.9112656,-3.1999,-2.1370332,-2.607
128,3.9392,0.66148,3.2343,2.9434,0.13659333,4.509925,5.9499,5.783867,1.1024,2.9557936,6.2981,-3.3642,2.9793,4.2432065,2.5733666,-3.6529334,2.967138,4.313015,9.0183,-0.325356,2.8186
129,-2.3175,0.71844,-0.64587,-5.5001,-0.23006,-3.1088,-4.730625,-5.0047336,-4.6791,-1.8920679,-0.79664,1.2103,1.3458,-2.4485428,-2.9465866,3.5575533,-0.78793937,-3.648203,-5.6497,-0.21764334,-1.1543
130,-0.049536,-4.3416,0.41442,-1.0576,-2.4819634,-3.85005,-1.9361701,-5.38155,-6.2545,-1.5456995,0.83341,1.1782,-3.8085,-1.9067141,-3.4219828,-5.5624332,-2.8873467,-3.7970145,-3.8112,-2.4912999,0.44007
131,2.8023,1.9655,-1.8248,0.50578,-0.06821666,-0.77075,1.6023525,3.2274666,2.8439,0.96246594,5.2391,0.96211,-0.34184,1.9085642,1.2975795,-0.31818667,0.25613502,2.9203372,1.1015,0.10599335,0.39438
132,-1.9026,1.6982,-0.22191,3.6138,0.9869001,0.88486505,2.964675,2.7155333,1.2503,3.0194516,3.315,1.3431,2.0978,0.7922846,2.464688,4.748367,4.063566,3.0362778,5.6259,1.2382332,-1.4654
133,-4.9702,3.611,2.5143,-0.0085182,-1.20662,2.3866,3.7303748,2.044285,2.2189,-2.388317,3.9286,0.96939,-1.9065,1.3178391,0.6999841,5.8394,0.95450145,1.4802569,6.4164,-0.54356,1.3997
134,-1.9441,0.55889,-0.53961,-1.6886,0.6397567,-3.0987349,-0.33021247,-0.13495667,-1.088,0.2245849,-1.6066,-0.18399,-1.4152,-0.6667975,-0.7407232,5.8002,0.5887995,-0.435933,-3.3256,1.0247034,0.18614
135,-1.7623,-0.067159,-1.5715,-3.6809,0.92275596,-0.9148225,0.73353,0.6753517,1.3996,0.8809314,-2.3991,0.87672,1.8467,-0.9454909,0.3419965,-2.2913,0.4424925,0.43667924,1.2941,-0.7898933,-1.7735
136,6.5726,1.255,0.0010878,0.93246,0.12043667,0.528615,0.7347225,1.0995233,-1.0701,1.790103,0.50746,0.22047,-0.36303,1.7814981,-1.0513623,1.4641333,-1.5627254,-0.61131996,2.6605,-0.33365333,1.8288
137,-5.2233,0.24591,1.2391,-1.9864,0.8623236,2.4312925,-1.4680384,-1.0235583,-0.26818,2.1377027,-0.030065,-0.52458,1.2847,1.0245351,-0.19119917,8.052167,0.087022364,0.3863611,-1.2274,0.26469338,-2.1742
138,6.6085,2.7957,-2.1429,0.070918,0.40721667,-1.8918998,-0.8452275,-1.8936166,-2.5725,-1.9112577,-4.2074,-0.98603,0.4788,-0.5824683,1.6651,-9.243667,0.88245046,-0.5267988,-1.3551,0.45028666,-0.29847
139,-1.1745,0.1543,0.64832,4.0686,0.195179,3.857535,2.080375,0.592335,0.63192,2.8798182,6.107,-1.3288,-0.62055,2.168489,0.5324344,-2.1292999,-0.27394187,0.77923584,3.5571,-1.0660167,1.2447
140,-9.9681,-0.61214,-1.3868,-2.8459,-0.60792,-1.097245,0.43699002,-1.70577,-1.2062,0.38607183,0.68922,0.15488,-1.9486,-0.03385872,-0.944318,6.848533,-0.62087035,-1.0395795,-2.6614,-1.6799101,1.3426
141,3.2493,-1.1036,0.1265,1.2345,1.37599,0.8766185,-0.977935,-0.99593467,-1.7526,0.14570901,-2.2058,0.00029993,-0.079552,-0.09218306,-0.71280915,8.675567,-0.36417156,-0.41716444,1.9968,0.8931933,-0.25725
142,3.6499,-1.2281,0.01838,-1.324,2.0644267,0.896175,-1.448915,-1.0116299,-1.7612,1.952338,0.23235,-0.37987,-0.25646,0.26884356,-0.8397002,2.4175332,0.03783723,-1.1605396,-1.4441,1.5019532,0.92663
143,2.5913,0.90604,1.0191,3.9292,1.7904259,3.3064752,2.9990973,3.1764,1.0252,1.92894,5.9393,-0.37515,0.39996,2.0652297,0.56129885,1.8843135,1.0245532,1.8298951,5.7288,1.6902666,2.5855
144,-2.4047,1.4669,2.4536,1.4062,-0.12320941,-1.8884,0.87733,1.82798,2.7339,-1.0425861,-0.34134,-0.94766,0.53456,0.072128296,0.9198276,-5.216559,1.0781044,1.4606656,1.76,-0.38772666,-1.7801
145,-3.9373,2.5629,3.1554,0.038533,0.38404003,1.17492,2.24695,2.33863,1.0395,-0.73528,1.262,-0.15693,0.001052,-0.42713377,-0.6943609,7.0278664,0.43494022,0.8979293,1.4759,0.11570668,-2.5524
146,1.2132,-1.3569,3.5539,-4.3728,-2.2542794,-0.94687605,-0.2322635,-1.7975401,-1.3868,-2.110303,-1.7798,0.2627,-2.3032,-0.8119817,-0.4022125,-0.31776676,-2.026878,-1.041702,-1.4737,-1.7567667,4.8193
147,-0.46411,-0.73067,-0.62198,0.98468,-1.0623387,1.385375,2.0938993,1.8780284,0.96377,-0.9937855,6.1843,-1.957,-1.5244,0.974805,0.73586845,-6.1587005,-0.7692692,0.91836596,2.2667,-0.29583332,-1.5945
148,0.4662,1.3826,0.068135,-0.30059,0.87885,-0.03743148,0.085967496,1.0612633,0.97181,1.1780521,0.87449,0.18993,-0.70666,0.26023528,1.2854359,5.1420665,0.79667073,0.80973405,1.3566,1.047942,-1.6081
149,-3.4775,2.0546,1.8954,-0.53627,-0.046448994,1.8271999,0.8419575,2.7222166,3.2588,0.019166013,1.8656,-1.8262,-1.5814,0.061877992,2.0427332,5.3563333,2.3982778,0.66468865,3.0988,-0.19572999,1.1437
150,1.582,2.0104,1.9389,-0.33685,1.7319335,0.53194004,2.6591725,1.3797799,3.1004,2.393622,4.0,-0.5634,2.1626,2.1922827,0.16989712,-1.2621734,0.43118095,1.6062524,0.41955,2.6383667,0.97987
151,0.47125,-0.4852,1.0655,2.5139,1.6218143,0.07661502,0.42127997,0.9177034,0.9822,0.44847417,-0.30305,0.17537,-1.5593,-0.4909298,0.82114565,-3.4789667,1.0700886,0.044829246,-0.57729,1.15355,2.4744
152,1.0978,-1.2783,-1.846,-0.22472,0.683111,-3.1265936,-1.522565,-1.2390574,0.24008,-0.0070972918,-2.1063,-0.37585,-1.8215,-0.57690036,0.13044721,-4.5304,0.11460383,-0.56264263,-2.1936,1.68471,-1.4983
153,3.4789,4.5054,0.80262,2.6905,-0.41412333,0.53434753,-1.7323349,-1.3122534,-1.2012,0.631032,-0.74165,-0.48947,-1.9781,0.47675464,0.9128075,-10.09793,0.7844887,-0.24665062,-1.7964,-0.1375633,-0.22725
154,-4.1543,-1.1095,-2.079,-3.2028,1.5011901,-3.17035,-2.284725,-2.0458212,-1.8215,-0.6488442,-3.2975,-0.27879,-0.74247,-1.1237007,-2.408618,9.325067,-0.91926706,-2.0545237,-5.0521,1.4801334,0.50163
155,3.7388,0.2418,-2.0498,0.34089,-0.22035344,-0.89662576,-1.7377741,0.20838661,2.202,-0.3371939,-0.94359,-0.24223,0.078798,-1.0786446,-0.7215803,-5.7092,-0.36410457,-0.39699033,2.0625,-0.67044663,-0.3503
156,-1.96,0.63402,1.5042,-0.85525,-0.7945733,-0.22062495,1.3674375,1.4032865,-0.011381,-0.697648,-0.36919,0.79171,1.3758,-0.22776408,1.7072493,-0.01756668,3.0029712,1.7152662,0.089985,-1.0356034,-3.2609
157,-6.1195,0.57748,0.48042,-3.0884,1.7419534,0.698595,-0.024322003,0.2520683,0.59457,-0.27909,5.8276,2.5225,-0.87009,0.13730678,1.8387084,1.6423966,0.06696118,0.78975576,-1.3203,0.75373334,-2.2721
158,-1.0866,0.97789,-0.83466,-5.8388,-0.77728003,1.84635,-0.29618502,0.0055683455,0.89661,1.2661388,1.1283,-1.3368,1.7195,0.6608779,-0.66165054,2.7297668,-0.6339188,1.3925058,-1.1753,-0.6681166,1.6421
159,-2.4298,-4.7708,0.75173,-3.3009,-0.4604087,-0.49330246,-2.539775,-3.8008,-4.3771,-1.8168907,-0.32889,1.3449,-0.61583,-1.4169582,-2.203116,-7.6070333,-2.5237803,-2.230977,-0.034199,-0.31605,2.0998
160,0.1303,1.6718,3.1483,3.4319,-0.50011337,2.7015,-0.497415,-0.15454333,2.1581,-0.33649272,5.3977,-1.2991,-0.68407,0.6167535,-0.36088645,-0.9901735,-0.5781367,-0.053522643,1.4607,-1.09006,1.4732
161,-3.623,-0.054576,-2.7328,-3.4036,-0.24004667,0.121374965,-0.14848506,-0.8074267,4.1495,-1.4050915,4.4511,1.4847,0.18869,-1.7307391,0.2937003,9.970867,-0.11258641,0.46733144,-3.2704,-1.2705168,1.7388
162,-5.0159,-0.53615,-0.11739,-0.43296,1.6167732,1.314,1.2765975,0.9718017,2.5482,3.2262433,-0.49042,1.0583,1.1441,1.1265243,0.55935323,12.816266,1.2976909,1.0800524,1.3847,2.2261333,0.75626
163,0.77068,2.6325,1.3294,1.2094,-0.5610433,3.45299,3.1934,3.3680165,4.368,2.085115,3.9222,0.32061,2.829,0.98770946,2.3209069,0.007353246,2.2270825,2.885525,2.0778,-1.6979433,1.5857
164,-1.4852,-2.9932,-0.57325,-2.397,-0.15320332,-4.0156,-2.6269,-2.2238834,-1.0675,0.060364015,-4.5027,-0.71465,-2.9665,-2.0382237,-2.1346269,1.4426866,-1.3094006,-2.681162,-1.0984,0.009965668,1.4438
165,1.2825,-2.3271,-2.1544,-3.3806,2.0709057,-0.698725,-0.26191276,-1.9346671,-5.6536,2.932708,-0.64625,0.34146,-2.1004,0.89384586,-1.5316075,5.7514,-1.2509807,-1.6302184,-2.581,2.2487333,1.1063
166,0.59908,-0.32805,-3.5304,-3.7931,-0.3936943,0.27495325,-3.05865,-4.43405,-0.96,1.3370562,4.1536,0.31851,0.112,0.6258292,-2.515464,-0.25021333,-2.4883192,-1.8503982,-2.0818,-0.55016667,0.7137
167,4.5454,-1.4344,-0.90262,1.1287,-1.5163532,0.005399972,-1.0808575,-1.00271,1.3022,-2.5293622,-2.7347,-1.3106,-0.5287,-1.0048257,-0.727484,-9.109433,0.19414246,-0.7132591,0.34003,-1.7831465,-1.2601
168,-5.5008,-1.1967,-0.34497,0.029347,-0.93149334,0.016369998,1.0676885,1.5710567,2.1057,-0.0044247033,6.1812,0.7564,-0.14952,-0.022773022,0.81918246,5.424633,1.2422922,0.97447115,3.4271,-0.47190002,-0.14434
169,-3.8387,-2.2819,0.39309,0.87113,1.5691243,-1.76267,-1.7131801,-2.2106533,-2.332,2.114923,-3.6893,-0.68136,0.9218,-0.45713285,-1.423425,9.212033,-0.8363652,-0.028522896,-2.9322,1.2644266,0.54768
170,3.7322,-1.1093,0.26518,-0.91443,-0.46629867,-4.365425,-2.5188775,-3.0144985,-1.147,-1.3198301,-4.168,-1.9789,1.3902,-1.4882663,-0.71698755,-10.918067,-0.75516117,-1.2767451,-3.6099,1.0115917,0.43193
171,-1.6783,1.024,-0.41905,-1.6336,0.18390733,-3.3386497,-2.7427826,-3.0068233,-2.0559,-0.073517725,-3.5234,-1.0703,1.1943,-0.9048019,-1.7853447,3.2716,-0.4276424,-1.3691826,-5.697,0.7819023,-0.57732
172,4.6428,1.1147,0.053143,0.53028,-0.53782064,-1.1487814,0.9902225,0.86169,1.127,-1.3068875,-4.7915,-0.26347,2.2617,0.46763527,0.30078843,-5.7522674,0.065730065,0.16814296,0.99297,-0.63597673,0.20485
173,0.022701,2.569,-1.0929,-3.4935,-0.9805003,0.86418754,0.72984004,0.51244,0.90344,-3.123054,4.5129,0.85005,4.6551,0.18603313,1.6423104,-6.1024,0.8578493,1.7692533,2.0873,-1.4016333,0.26822
174,3.082,0.21929,-0.76629,-0.87705,-0.17591466,0.3639199,1.3106351,3.3706837,2.8071,-0.746219,-2.1113,-1.2119,0.028445,0.4530711,1.8418199,-6.2625003,1.6798154,1.1933032,1.8755,-0.02513665,1.158
175,0.055827,-0.97693,1.6574,2.3843,4.1422,2.425885,4.03885,4.064917,3.4086,6.4507957,4.2572,-0.35374,-1.4969,3.147499,2.582074,11.4272995,1.7044629,1.7389237,6.4944,3.2850363,-0.025339
176,-3.6586,1.8147,-1.1187,-1.1771,1.2958001,0.2207025,1.3366525,2.5754,2.2348,0.164622,-1.2968,0.50975,1.5092,-0.054951075,2.0169804,-0.18004768,0.63649565,1.0703171,0.84037,0.95908,-0.18198
177,-1.8961,1.2057,-1.2068,0.019632,-0.55388004,0.741225,0.12325999,0.7710417,1.5829,-0.42385513,0.78501,1.1614,0.99131,-0.2896895,-0.6449309,-0.8520932,-0.2474238,0.49156013,1.2131,-0.17197667,2.0067
178,2.6652,-1.1894,-0.78128,-0.52999,-0.21930234,-0.6251501,-2.7843351,-2.50898,-3.5723,-0.49563938,-1.391,-0.78717,0.38532,-0.9288824,-2.2461522,-6.1783237,-1.6909308,-1.0010153,-5.4255,-0.16195,-1.5132
179,-1.0403,-3.5799,0.38688,-0.031435,-0.6925514,-0.2047225,-0.6345775,-0.11795333,0.71786,-2.2453065,-0.1287,0.94705,0.49709,-0.9124495,-1.1835237,-1.8505565,-1.6564908,-0.5329632,1.1884,-1.2300199,1.8298
180,1.926,0.15939,0.41534,1.9575,-1.5667666,-1.179285,-1.2707375,0.024708329,-2.1318,-2.557306,-3.0354,-1.471,0.16957,-0.38041028,-2.364621,-2.0676334,-1.7475468,-1.1243234,-3.218,-1.7674665,1.6475
181,1.5372,-0.69044,-0.42527,0.71826,-0.98148996,0.89046496,1.2339725,1.1639516,-0.62125,-0.14301257,3.9516,0.01647,2.1663,0.644341,1.4021215,5.091067,1.1903405,0.93317896,0.91448,-1.4107767,-0.55868
182,1.1468,1.5952,0.75463,-0.73345,-0.27971166,-1.4805751,0.09749749,-0.7090667,-2.4593,-2.3323927,0.46118,-0.056183,-0.23998,-0.28940877,0.6511591,-14.6426,0.0152841825,-0.99753517,-0.77435,-0.85238,-3.5066
183,-0.062269,-1.1056,4.8577,5.5656,-0.64273995,0.12335241,-0.70183873,0.11939162,1.5877,0.498277,-1.0487,0.96452,-1.1714,0.07260887,-1.1091183,-2.2283301,-1.1272672,-1.4036211,2.2441,0.24865668,-1.179
184,0.71385,0.097002,-1.1056,4.2842,2.3879569,2.3645248,0.124125,0.17958166,1.0934,0.8680774,2.2581,-1.2139,-0.94224,1.2685931,-0.46148998,-2.4838734,-0.5826747,-0.009898577,-0.77714,2.7579334,1.2735
185,-1.9985,1.3889,0.32843,6.7691,-0.025180003,2.2436,1.931675,1.997845,1.9277,1.0875295,0.75934,-1.1767,1.9431,0.29074895,0.8162224,3.6264668,0.38952884,2.5632677,2.603,-0.3139333,0.79086
186,4.3275,-1.0291,1.9474,0.6172,0.6571467,-0.410563,0.19967002,-1.5720334,-0.62587,0.54208815,-4.2751,-0.93592,0.24252,-0.05690706,-0.51312196,-3.0699804,-0.7493261,-0.35379568,-2.7125,0.8621966,-1.3038
187,-1.9053,1.0291,0.16108,2.6939,-0.57603997,-0.57950747,-1.2372199,0.6733584,-0.64427,0.5505881,2.7778,0.24565,0.47308,-0.029084478,-0.8091896,7.1514993,-0.31803304,-0.09718003,3.5106,-0.32564333,-2.9697
188,-0.32103,-0.18154,-2.9408,1.6344,-1.0005913,3.1708326,-1.5660925,-0.5819467,-0.38311,-0.836086,2.4974,0.50857,-0.81026,0.068683125,0.026449595,-3.3651333,0.83592105,0.008841137,3.4527,-1.1940666,2.8172
189,6.7579,1.4527,4.3127,2.1863,0.43323335,0.45160002,0.82113254,-0.57087684,-2.5683,0.85213745,2.4978,-1.3306,-1.7527,1.7390705,-0.33121854,1.7000166,1.6991959,-0.26444662,-0.29963,0.07609669,-0.23291
190,0.63591,1.3733,2.6705,3.1371,-0.9530533,0.75736,0.899375,-0.8541382,-2.7866,1.0863079,3.8612,-0.49132,2.0257,1.242401,-0.7924504,-2.1213665,0.45920962,0.18094386,0.49463,-1.2743968,0.056802
191,1.6079,-0.010003,-3.5508,-0.52101,-2.07521,-1.6337225,-0.5077975,-1.0142584,-0.77346,-3.1430612,1.5476,1.4408,0.00072047,-1.6306509,-0.582962,4.8652635,-0.9327499,-1.7955344,-3.9666,-1.7997365,1.4217
192,-2.1969,-0.32962,-1.2342,2.4197,1.280567,-0.15076777,1.8391,2.811117,1.7696,2.3639512,3.1242,0.63765,-0.031597,1.4330962,-0.20665504,1.6672467,-0.5946225,1.0348498,2.6471,1.2284466,1.6065
193,5.3751,0.8789,1.39,6.8532,-2.564257,-1.175975,-0.7886149,-0.6832233,3.0043,-3.9489696,1.7076,-0.93617,0.17498,-0.022196976,-1.6580484,-6.1899,-1.2702044,-1.3528913,-1.3911,-1.7140666,0.55183
194,-0.8857,0.49757,1.8276,-1.2784,-1.0353767,5.1047997,3.05965,3.6914332,4.829,2.8388102,4.562,0.16406,1.7728,2.537137,1.7428255,7.5783,1.687003,3.2233942,8.7508,-0.60944766,2.2074
195,0.76286,-1.9545,0.75603,1.9388,2.3606868,4.091175,2.598175,1.8965335,3.4608,3.8121305,3.7637,-1.1191,0.56898,1.8946594,2.0300336,5.0002003,1.6845139,0.7425293,4.7364,1.2433001,2.2548
196,2.7817,-2.7402,-2.0587,-2.1958,-2.0774634,-4.43795,-2.86415,-3.9979334,-2.6022,-2.719506,-5.4812,-0.35585,-1.1344,-2.5420055,-3.4678433,2.4559336,-2.6852157,-3.6788833,-5.1833,-1.3292166,-3.3122
197,3.3278,-0.42642,-3.9134,-1.399,-0.6057533,-2.5668201,-2.276175,-2.40435,-4.1708,-2.426512,-0.91699,0.30944,-1.0803,-1.1472294,-0.814582,-7.609567,-1.560279,-1.5721787,-2.1335,-0.26136002,0.77336
198,4.2585,-0.058841,-1.0673,-4.7047,-1.7175001,2.0358427,1.5590326,1.5548934,4.4438,-0.77433,-0.32792,-1.9928,-2.2399,0.30026567,0.9404387,-4.4873333,0.7358343,1.0474757,2.4956,-0.6728334,-1.1333
199,3.7914,-0.30899,1.1117,2.5804,1.39217,-1.8846675,1.1543175,1.7984167,3.3318,-0.902997,-0.73166,1.2325,2.2906,-0.6709936,0.64498085,-5.49503,0.6176265,0.8723361,-0.58651,1.4087,-2.233
200,2.4255,-0.026135,-0.43001,-2.6606,-0.43347895,1.6420574,0.6864925,0.9182933,2.427,-2.166141,3.4551,-0.14469,-0.69236,0.8551192,-0.5398416,-3.2450001,-0.6460435,-0.07957115,4.3414,0.70654005,-4.4512
201,2.5186,-1.6667,1.9085,2.634,0.29639336,1.1220025,0.075290024,0.68409854,0.42382,0.7495221,0.7665,0.34464,-0.8983,0.9116162,-1.0256548,-2.3659666,-1.510613,-0.18189208,2.201,0.1640567,-1.993
202,-1.07,-1.008,2.8259,-1.0292,0.063169986,1.010875,1.2977498,-0.14693998,-1.4366,1.3165019,0.55754,1.2164,-2.0529,1.4116695,-1.332215,1.8427668,-0.38196105,-0.2431915,3.4449,-0.5832396,3.5127
203,-0.75679,-1.0641,-0.68833,1.2708,1.3189067,4.16823,2.26291,2.5322983,2.1109,3.1143851,1.1184,1.0858,1.2474,1.7134782,0.20550321,-1.8818369,-0.31504148,1.4022439,0.96259,1.0255133,-1.3091
204,-0.54459,-0.094443,1.1636,2.4892,0.57635003,1.8757324,6.35175,4.5227666,3.4249,3.2230244,5.2481,0.35278,3.1291,2.3273857,4.8989115,6.694567,4.8965793,4.363625,6.3804,0.82440996,2.2381
205,-3.6435,-1.6967,-3.121,-1.9994,1.0349354,-0.62903255,-0.5253875,-1.8192517,-3.4525,0.28651527,1.1881,1.3382,4.145,-0.6243758,0.57724077,-4.069633,0.5805904,-0.57856447,-0.55738,0.0821,-1.7464
206,5.0848,-2.8688,0.47763,-0.018743,0.72193336,-1.24049,-3.5744247,-2.1345835,-1.4212,1.4763795,-4.6484,-0.053866,-1.1058,0.42984435,-2.0655546,2.6757,-3.1191928,-1.8827668,-1.5663,1.4326733,3.1887
207,-0.51595,-1.734,3.8427,1.0585,1.6629833,2.275725,2.2245626,1.6279835,-1.0646,-0.46323997,3.0413,1.4183,-1.833,0.76404613,1.2093197,7.6223893,1.7428659,1.032523,2.645,1.4792999,0.57078
208,-1.5054,-2.2367,0.58404,-3.1786,-0.50418466,1.37337,1.7033001,-0.3564705,-0.14634,1.1687176,-1.3665,-0.90647,-0.344,0.04393604,1.6819655,2.45484,0.0017896695,0.20520078,2.899,-1.1837,-1.6473
209,-2.1215,-1.8282,-1.0259,2.338,0.6310833,-0.9201363,-2.2692323,-1.8819,-2.6827,1.4109019,-3.5508,-1.4186,-0.712,-0.121556975,-0.91091275,2.4701002,-0.82670313,-0.8265473,-2.4042,0.41775867,0.98411
210,-3.3035,2.7099,1.4913,-2.6728,-1.2871566,1.0382735,-0.950984,-0.75610834,-0.89005,-0.93611544,3.435,0.99871,1.1747,-1.1478436,0.5639704,-3.9140003,0.9535209,0.0637741,-0.73303,-1.7668333,1.8805
211,-4.3004,-1.4049,-0.15528,-1.0198,-1.3061466,-0.15667745,-1.4495775,-2.2629817,-3.2778,1.0807987,2.4651,-0.52608,1.4847,-1.5020514,-0.19135863,1.5098,0.31515145,-0.085757464,0.92467,-0.47857666,-1.2455
212,2.3651,0.43152,-0.19586,-1.4074,2.6462834,-1.5247173,-1.8701494,-2.753495,-0.74857,0.07981001,-2.5217,0.27987,-1.2051,-0.022808677,-1.053586,-0.72176003,-0.17926168,-1.5155772,-1.6929,2.8512335,-1.3031
213,2.1996,2.3903,5.3099,2.7376,-0.46929097,-1.68715,1.7299526,2.2080667,3.6919,-1.13203,-2.0085,-0.87997,-0.24802,-0.42335996,0.9216396,0.08860008,0.4746574,0.79131883,1.3031,0.30271733,-1.7918
214,-4.845,-1.0506,0.71904,0.64968,-1.147509,1.679155,-1.1497699,0.08628169,-0.26078,-1.7365606,0.6588,-0.6398,-0.43797,-0.2918322,0.9290019,1.4086332,0.066027075,0.7367726,1.3817,-1.3479733,-1.3909
215,-1.9115,1.4875,-0.29468,-1.6029,0.35306334,-0.38400254,1.8288774,2.9952166,1.7975,1.8365082,0.22265,0.4553,0.97182,1.1628647,2.6727762,-1.4268032,1.8090547,2.1051517,-0.76275,0.60288,0.17448
216,-6.7998,1.5399,-0.30305,4.9273,1.9240966,4.4815826,3.510625,3.5437717,2.489,2.665652,2.8352,0.57423,0.23663,1.6747353,1.5982175,9.430533,2.2726643,2.0013883,5.552,0.51453334,2.3619
217,4.5576,-2.1602,0.124,0.077939,-0.23619331,-3.8430748,-4.5548,-3.842167,-3.2456,-4.2513747,-4.3255,0.0014639,-0.81282,-2.2380028,-4.752321,-7.451933,-4.2513385,-4.183334,-6.7164,1.1214534,-0.79973
218,1.6674,-0.43431,2.5474,5.04,1.4093066,0.43691993,2.03405,3.4095166,4.3757,-0.45405793,-0.15728,0.18314,2.9019,0.97230756,0.055001393,-6.2674003,-0.691254,1.4600846,2.0234,1.1214867,-1.0735
219,1.7793,-1.2344,-2.7622,-3.6352,-2.6838932,-1.28068,0.53689253,0.67436665,0.61446,-1.7344965,-4.1572,0.21172,-0.14341,-1.1894134,1.3107179,-0.35767666,0.03814239,-0.57883114,-0.21101,-1.6498228,1.7127
220,4.4155,-0.47066,-0.78077,0.75334,-1.0236636,1.7284844,-0.183635,0.31408337,1.0109,0.49490386,-2.6293,-0.36783,0.88318,0.061736055,-1.9373125,2.4585333,-0.67852646,0.12420063,-1.0021,-1.02533,-3.03
221,-4.607,2.1567,1.276,0.29397,-0.27685568,-0.85454994,1.727805,1.9633065,3.3949,-1.8272495,2.8576,-1.1539,-0.95614,0.005854753,2.9671052,3.96529,1.4348763,1.7585592,-1.2103,-0.41831997,1.3683
222,1.3704,-0.91995,-0.54278,-0.31318,-1.21072,-4.34025,-3.3137002,-1.6676801,-1.63,-2.3151588,-4.9412,1.3254,1.5733,-2.264429,-1.8256347,-2.5286431,-1.189313,-1.6226987,-3.755,-0.9599433,-0.34546
223,1.8802,2.3355,0.066905,1.4967,0.49136066,-3.5591497,-0.98156005,-2.1597116,-1.6217,-0.6862849,-4.1075,-0.22677,3.0111,-0.54700816,-0.42871112,-12.9488,-0.87650716,-0.38886896,-3.2751,1.1552364,-1.6531
224,-0.32393,-2.0619,-0.54248,-2.7262,-0.7046618,-2.91545,-1.93256,-1.7474166,-3.6027,-2.8084881,-6.1531,-0.17938,0.40258,-1.2326819,0.4174484,-6.580733,-1.917954,-2.2455347,-3.4045,-0.93206996,3.0512
225,5.6317,-1.5589,0.00069523,2.0891,1.020573,-1.00051,0.75551254,-0.78328496,-0.10145,0.25317496,-0.57504,-0.82708,2.3566,0.14908972,-0.61445236,-2.50136,-1.0521954,-0.03478055,-2.3418,0.38173333,-0.74383
226,-1.4223,0.87771,0.084512,-1.6151,1.2878934,0.2507925,0.1368275,-0.20729834,1.4114,1.3441701,2.2191,0.78082,-2.117,0.7347824,0.68256265,-3.6364002,-0.50649744,0.7208995,1.1406,0.4843,-0.80678
227,-0.21976,0.8081,0.32075,3.7012,0.46154666,0.55752,-0.17809004,-0.23465002,1.889,1.107872,-1.9545,-0.79728,0.84293,0.7507424,-0.500028,-4.540173,1.6302011,0.59152955,4.7459,0.8172233,-0.47831
228,-0.12943,-0.11578,-0.76278,-6.724,-0.16756018,-1.0472174,0.52827495,-1.2541066,-0.61985,0.32046905,-2.3658,-0.16385,0.9266,-1.0268115,1.1336174,-6.098,1.2238588,-0.56708115,-0.50088,-0.89140797,-0.72236
229,0.81045,-1.5691,0.37429,-0.46041,-1.07435,-2.0794044,0.48592502,-1.5349733,-2.145,-1.5186642,0.54604,0.089265,1.2219,-1.3293133,-0.44562596,3.3907998,0.06688079,-0.39840123,-3.443,-0.31535998,0.13988
230,-3.4172,1.8053,0.5294,2.7153,1.4700233,1.3815975,1.0209825,2.37648,3.1945,3.2812717,2.6722,-1.4781,0.037226,1.3834183,2.048381,4.9382668,2.104113,2.1798494,7.9659,1.1110601,-2.9736
231,-0.19015,-1.1737,0.33209,-2.6778,-0.77155334,0.983675,0.042464994,-0.26963332,0.95739,0.777888,4.1375,-2.1205,0.61114,0.13319647,-0.05289447,-7.3498664,-1.1121684,0.77980316,-2.4656,-0.78420997,-0.24722
232,-3.6035,-2.5467,-0.182,-4.9455,-1.4710635,-2.69,-1.111675,-0.04981333,1.4717,-0.595278,-4.1422,-0.33002,2.5188,-1.7440621,-0.10716362,1.5122668,0.26397952,0.5996474,-2.4372,-1.2611367,-1.2492
233,-3.1324,-1.2346,-0.29741,0.16875,-1.1906493,-0.890275,0.5550425,0.16280167,-0.38864,-1.2421219,2.3272,1.5266,0.53852,-0.6283886,1.4804341,-0.10826767,0.88369834,0.18193263,2.479,-0.28214663,-0.80437
234,-2.7236,3.7284,-0.22871,1.3825,-0.02441,3.366725,1.6646125,2.0230732,2.2493,1.4011002,1.735,0.85755,-1.1114,0.9375164,2.5862164,-1.1395668,2.5445178,1.0593752,5.1231,0.33817968,-0.57099
235,3.0483,-1.5406,-1.1804,-0.98072,2.0271537,-1.6739315,-2.6580253,-0.5975817,-0.93538,3.1764393,-4.1288,-0.11928,0.68202,-0.53494436,0.2401548,-3.3113868,0.24110481,-0.24802831,-3.1476,2.5114334,-2.4109
236,-3.1896,-1.1415,0.71666,-0.9506,-0.66044337,3.1378498,2.1998425,2.5816815,3.5401,0.86473435,1.289,-0.1824,-0.029826,0.6867836,1.0632119,2.5348,0.4518717,1.958741,-0.86877,-1.6522332,0.36213
237,0.17592,2.3158,-0.3859,-1.4876,-0.90137005,-0.052574985,-1.9831499,-0.30178502,0.60461,-1.2687646,-5.0899,0.25949,3.0662,-0.48744434,0.36466363,1.2252427,-0.23185933,0.016715191,-2.6911,-1.11086,-3.7023
238,3.9669,3.755,0.68141,-1.0135,-0.56083673,2.0700274,-0.82727504,1.6311535,2.1108,1.2118995,7.0934,0.42585,-0.15487,0.9326386,1.6018938,-4.4772334,0.22827226,1.4695872,0.31182,-0.8193167,0.6171
239,-1.8863,1.7436,0.8081,-1.5303,0.24218301,-0.9917525,0.59870505,0.73103,0.26293,0.36585435,2.4211,0.51482,1.7106,0.35900667,2.2211235,4.7277665,0.56934613,1.1736252,0.058553,0.99357,-1.6406
240,1.318,-2.3405,4.3896,2.1585,0.28388,-1.9980375,-2.8879757,-2.683355,-1.1306,-0.13348398,0.28843,-1.3337,0.74614,-0.3939069,-2.0820553,-1.64898,-1.8920465,-1.7745904,-1.535,0.12363601,0.85151
241,4.6291,-0.24793,1.722,4.2231,0.19232701,-2.3670902,-0.656615,-0.9595733,-0.2956,-1.468323,-2.0515,0.90694,0.75476,-0.0893515,-2.1486242,-2.5204966,-0.7294404,-0.651307,0.33912,1.1780334,-0.70109
242,2.7498,2.9504,1.4904,3.3401,-0.68976665,1.2882249,2.6355,3.0154831,2.9717,0.20938501,3.7444,-0.47899,1.8705,1.025086,0.1104143,-8.907407,0.011222939,1.8190348,-0.35109,-1.18323,-1.8486
243,-2.6893,0.1073,-0.81183,1.3231,-0.82547337,2.5641499,3.694275,2.39435,3.2936,-0.294326,-0.14494,-0.40743,0.91656,1.1258363,1.4454845,0.028204674,1.162118,1.4891937,0.95039,0.564025,1.9203
244,6.1341,1.5606,-3.1144,2.4692,0.04804,-0.501675,-1.1618724,-0.43516836,-0.33871,2.1919115,-1.5109,1.4649,1.0414,1.0693936,-0.10614082,6.0273666,-0.41276982,0.18689619,-2.3801,-0.5274,-0.28237
245,2.1266,1.6048,-0.071471,5.3483,-0.45354334,1.21064,1.8057001,1.2138066,0.57172,1.265703,3.315,-1.4758,-0.30288,0.2124005,1.1784676,-5.2053666,0.933434,0.5297241,1.6104,-1.2366667,-1.0229
246,2.697,-0.75428,0.092597,2.8492,-0.26276267,2.6405249,-2.2854254,-4.210933,-2.2094,0.149158,0.64524,0.43268,0.40364,1.3004283,-1.3123151,4.9542336,-2.0652225,-2.1608858,-1.6766,0.26348332,1.1527
247,1.96,-1.21,-1.5953,-2.1384,-1.9896699,-1.5957575,-0.5794225,-0.70099,-2.3374,-0.2533012,-0.60391,-0.19523,1.0054,-1.0906057,-1.4516047,5.86441,0.6172151,-0.99857557,0.93143,-1.5496765,-4.0776
248,1.5746,0.16422,1.0048,3.1622,0.6927867,-2.6209726,-3.643825,-2.9551668,-1.1391,0.9301732,-2.2462,-0.18127,0.59608,-1.2607851,0.11862694,1.9232334,-0.16367102,-2.0729396,-4.7118,0.9900427,2.5949
249,4.2846,2.9699,-1.3249,3.9829,0.644762,1.1423974,1.37687,0.51601,-1.1928,0.15242763,1.3848,0.53368,1.0401,0.7165874,1.4556055,-5.4328666,2.0114684,0.5173589,2.1743,-0.33263996,-0.070881
250,-4.106,0.14591,2.9125,-1.2625,0.5164431,-0.0131500065,1.4972825,1.1173266,1.5003,-0.23026049,-1.6876,0.7851,0.12534,0.3047902,1.6165248,6.967533,0.29889655,0.07572642,-1.4249,1.1501234,2.7855
251,4.0082,-0.9361,-3.1705,-2.9378,-0.10103134,-3.3964748,-1.463615,-4.9670835,-5.7125,0.6267802,-5.3561,-0.042953,-0.31892,-0.98574126,-2.2892547,0.3949968,-2.6289895,-3.2325244,-7.8152,-0.9809063,-1.2379
252,5.3034,-0.021927,-0.48528,-3.0793,0.09678534,-1.7894,-1.3619475,-2.1559,-1.0582,-1.0402167,-0.037532,-0.55321,-0.74936,-1.3556027,-2.1184902,1.8162099,-3.153095,-1.9068639,-5.6079,0.038983665,-2.0466
253,1.5002,-3.5732,-0.14774,-4.8161,1.7584734,-1.5462276,-2.2500696,-3.7432668,-3.9138,2.0042608,-5.8423,0.4682,1.4938,-0.48861066,-1.9613663,0.98162,-1.3917342,-1.5076345,-2.8298,1.16292,-3.161
254,-1.4544,0.93115,2.8899,3.1525,-1.4325918,-0.09185749,1.1254475,1.4437634,1.6364,-3.3511448,4.0278,-0.44406,2.7483,-0.50016505,-0.014247532,-3.6954,-0.18017277,0.18032406,3.3509,-1.4128033,0.44255
255,-4.5576,-1.1267,-0.90547,-4.1781,0.48005334,-1.4747549,-1.3036,-2.1827984,-3.9003,-1.1162245,-1.3078,0.11633,-0.83567,-0.47920206,-2.173938,5.4460335,-2.3035429,-1.971432,-3.6064,0.9137433,-0.047488
256,-0.85723,2.4188,-3.5821,0.55376,0.03450933,-1.289805,0.50007004,-0.2443666,2.7535,-1.6481711,1.1164,0.38514,3.5674,0.4254813,0.7569101,1.5329334,0.8259724,0.3660274,0.34026,-0.60447997,0.12578
257,-6.6217,-1.1502,-5.3917,-1.4589,-1.4082733,-5.487175,-2.6409,-2.92822,-3.0806,-3.7212589,-2.0253,0.019257,-1.4662,-2.6646996,-1.2893132,-4.9188,-1.8332515,-2.1461694,-6.397,0.049083352,3.1405
258,-3.4308,0.4749,-0.8332,-1.7826,0.5882133,0.46342498,-0.0512925,0.724075,1.8915,4.103125,1.9767,-0.50196,-0.41862,0.5008573,0.8254076,9.2810335,0.8470656,0.83229434,0.66425,0.81561,-2.7731
259,-1.3161,1.4366,-3.3548,-0.55084,-0.55088335,1.13457,-0.3974725,0.2784,1.5882,-0.079550825,0.099609,0.29013,-2.4928,0.047314998,2.0315878,-2.8803332,1.1468228,0.41271037,-0.25736,0.09397999,1.6119
260,-3.4868,0.32553,1.4424,-3.2292,0.35662666,-1.9497099,-2.366675,-1.8300633,-0.3557,0.580984,-2.4891,-1.1472,1.8643,-0.5116177,-0.36548233,-2.21999,-1.0255139,-0.41260487,-3.9046,0.72546,0.76877
261,-0.6908,1.0786,-0.78943,1.892,-0.15340668,-1.2739251,2.316025,3.9722967,0.37448,1.12334,-0.64736,-0.60525,-1.9448,-1.4372534,3.1440194,1.6784667,3.3863559,1.8369311,5.0091,-0.22388999,-1.4694
262,1.6099,1.0042,-2.0994,0.049046,1.248505,0.59846,1.8831575,2.8537598,4.1733,1.482314,3.1661,0.67659,0.25857,1.5527909,0.96188474,0.22798426,1.367656,1.3651366,4.4607,0.5981,0.48431
263,2.4955,-0.40541,0.14085,3.018,-0.74442,2.2150726,2.8729973,2.7981968,3.3589,-1.3633994,2.1979,0.21916,0.1249,0.25863722,2.5112247,2.1801798,0.8178758,0.81134593,4.02,-0.66347337,-0.69397
264,0.79301,4.6376,4.3216,1.0734,-0.22004668,-0.5600375,-0.9068725,0.21522333,-0.22805,-0.33840197,0.09121,-0.66804,0.56282,-0.74639994,1.5276991,-0.9506666,1.7708168,0.40504524,-0.33482,-0.82306004,2.2793
265,-2.0943,-1.0462,-1.5774,1.685,0.23371135,0.85593,-1.85027,-1.2647117,-0.73294,-0.0015479982,-4.6283,0.13983,-2.5297,-0.046804495,-0.12829202,-2.5806668,-0.6455642,-1.478094,-0.23727,0.28506333,0.36082
266,-0.26881,0.95419,-1.0078,0.73525,0.21480633,-0.6514625,-0.29452172,-0.5554917,-0.10673,-0.86804307,-1.0941,0.013373,0.33983,0.026110377,-0.2191525,3.35174,0.2848169,-1.1511905,0.24771,1.0497067,0.55737
267,1.6634,2.6188,1.3404,2.4356,-0.27138,0.67425746,2.86045,3.5634,3.069,-0.96016467,0.26437,-0.39497,-0.77806,0.14450055,3.3378038,1.45498,1.7677636,1.2196666,2.0422,-0.56443334,0.46081
268,-1.6907,-0.62082,-0.7984,-2.0077,0.28324997,0.5176925,-0.4144307,-0.9293451,-0.50757,0.41460332,2.8678,0.99069,-4.6411,0.5566437,-0.91789716,3.4071932,-1.3596095,-1.2490625,3.91,-0.42664996,-1.1105
269,7.1104,-2.4109,-1.7344,-2.6476,1.0584567,-1.2064501,-1.851975,-2.8644,-3.1197,-0.5710949,-3.2005,-0.17954,1.1765,-1.1589881,-2.0015578,-0.40396675,-0.31125444,-1.7752526,-2.0054,1.0475267,-1.5775
270,1.4692,1.7229,-4.2504,-4.2786,-0.25292,0.73754525,-2.05252,-1.8812699,-1.8487,0.515781,-2.9307,-1.4265,-0.73727,-0.3588635,-0.42002952,1.6084666,-0.16153039,-0.5301229,0.24883,0.8840733,-0.56157
271,-5.6681,-0.56902,1.2176,-0.88417,-0.61976004,0.01196003,1.2517875,0.010276665,0.13991,-1.5954167,0.23131,-0.070278,0.40307,-0.49500892,-0.15523201,2.8920267,0.68205637,-0.21382631,-0.56664,-1.02592,3.9032
272,-5.8653,-0.56554,3.1688,1.8193,-2.4410067,2.21793,2.40941,1.3763968,2.4668,-0.8190261,5.4134,0.47429,-1.1876,0.7385538,0.3678621,-2.0040367,0.6087872,1.3872482,1.9459,-2.6743,1.3623
273,0.3825,-0.017755,-1.2197,-4.1755,-0.79272,-2.00965,-1.2491951,-0.57171565,2.8663,-2.452034,-0.76148,2.3325,-0.90731,-0.66284716,-1.7013315,-0.6048,-0.8754394,-1.2253904,-3.5292,-0.47437668,-0.77109
274,-0.25909,0.31161,1.0311,0.22425,-0.23849666,-0.45885503,1.3737226,2.4116333,1.4772,0.21874404,0.067712,0.33711,0.98051,0.5842243,0.74573326,-0.46213338,-0.24169356,0.47684294,3.0203,0.31217334,-1.2655
275,3.7757,1.3506,1.0363,2.9296,-0.61279863,-3.5188274,-1.677165,-2.2365716,-0.88475,-0.71226656,-1.6835,0.22548,0.6275,-1.1294957,-2.2881281,4.2443333,-1.9495797,-2.1116984,-3.5228,-0.36997998,-0.9565
276,-1.9192,-1.1554,-2.0425,0.53197,1.15003,-1.389626,-1.6462326,-1.5691117,0.33313,0.496145,-1.1071,-0.29384,-0.39137,-0.45199502,0.73438036,-0.6222,0.15966047,-0.8376178,-1.4998,1.4727033,-3.2255
277,-7.6607,-2.0831,0.39256,-6.7095,-0.44079664,0.16135246,-3.682825,-3.80015,-5.9062,-0.5862395,-3.062,-0.71543,-1.0695,-0.19804612,-1.9642498,1.6960669,-2.5622208,-2.3518047,-6.3316,-0.4582667,0.19701
278,0.35829,-2.1747,2.5769,-3.8468,-0.26507467,-0.86711,-0.681895,-0.41184667,-0.301,1.0723908,0.35679,-0.30178,-0.76505,-0.40251446,-0.31304595,6.0848002,-1.2704165,0.5106504,-0.093575,-0.75660676,-1.1308
279,3.0495,-1.719,-1.2298,2.2648,0.17621219,-1.227066,0.23305751,0.77394336,-0.96381,-0.55673075,-0.84111,-0.85801,3.9399,-0.08941916,0.5873881,-4.3642597,0.2741349,0.29136115,-1.3168,0.46815,0.68506
280,1.526,3.1711,2.7406,0.47527,0.6435867,6.2796,4.97365,4.6600165,5.1747,3.6371303,6.2539,-3.3922,1.1426,2.766617,3.5685067,8.940766,4.188742,3.7868574,6.606,-0.058236677,-1.8174
281,-2.4687,-0.11461,-0.031397,-0.26012,0.0044133416,0.84986246,0.3257125,-0.07182669,0.19984,-0.9931549,0.83725,-0.6789,-1.2944,-0.12050379,0.28841045,0.97660667,0.40986028,-0.36731088,-1.2441,0.15583633,1.0774
282,-6.3065,1.6782,1.3352,-0.62651,1.3987733,0.88425744,0.68925005,1.261885,3.4721,0.4487082,1.0818,-0.75716,1.0289,-0.7667576,1.443953,-0.42519665,2.4336255,1.0517093,3.3482,2.1906998,-0.048026
283,-2.2703,-1.7378,-0.89303,-1.9289,1.2852867,-3.4687252,-3.9962249,-1.9947933,-0.83847,-0.093343936,-2.9674,0.8428,0.32307,-1.2294819,-1.0873379,0.7410002,-1.1760572,-1.5136414,-1.0026,2.3663666,-2.8647
284,4.021,3.1289,1.8681,4.187,-0.7211934,1.7583951,-0.16730496,0.7076461,1.7724,-2.9104528,-0.2165,1.0603,-2.1021,0.39665687,1.6059837,-3.7344666,1.0115061,0.30652222,1.4897,-0.6819,1.2503
285,1.0301,1.6296,-0.76799,-0.73827,0.3425947,2.14902,-1.796025,-2.4876,-3.6594,0.12933409,-2.6926,-0.15959,-3.2324,-0.28863087,-0.9205919,-6.2669997,-0.5828681,-1.3847952,0.87445,-0.40096998,1.5912
286,2.315,0.22024,4.0009,3.9378,-1.5085001,3.1769001,3.757175,3.9520314,4.115,-1.1025372,2.7521,1.0183,1.3745,1.0499024,2.6558726,-0.69015366,1.520916,3.5447116,1.0033,-1.5079967,3.1596
287,1.0534,-1.6598,1.8881,3.874,0.26699778,1.983315,2.4308677,2.8288414,2.2107,0.53335893,-0.22195,-0.99696,-0.14817,1.3400431,2.5592496,-4.5250335,1.7711573,1.201057,1.5849,0.25432432,0.35011
288,-0.69175,-4.391,-2.4689,-1.6225,0.7760167,1.9818838,-0.44397998,0.33448997,1.9081,-1.005591,4.5366,-1.8877,-0.59569,-0.860791,-1.4977869,-4.3455,-1.950628,-0.54259175,2.013,0.33113667,1.0559
289,-5.2156,-2.826,-6.2301,-4.7807,-0.45237365,0.037915006,-1.2908075,-2.309357,-2.5774,-0.060860313,-1.8977,0.13956,3.0928,-1.4729806,-1.8315312,-2.1643665,-0.7598685,-0.9686984,-2.2226,-1.09345,-1.9753
290,1.0708,1.0739,0.57958,0.65126,0.87170833,-1.4418249,-1.853325,-1.48418,0.85791,-1.3364929,-3.7151,1.501,0.60449,-1.4551094,-0.30552763,-1.85876,0.502827,-0.17317747,-3.3834,1.5881667,-1.3873
291,-3.0034,3.208,2.395,-3.8894,0.775001,-2.2790499,-0.5320075,-0.8739166,-3.5011,0.69789004,3.1345,0.044932,1.7354,-0.5375311,-0.88282394,0.7498334,-0.3025586,-0.34796697,1.4219,1.2616,0.2062
292,2.0864,-1.1884,-0.45848,-2.8959,-1.1191579,0.590715,-0.5736975,0.6344567,1.1734,-2.4816523,0.049755,0.14602,-0.35331,-0.84512264,-1.5201061,-0.5668333,-1.4032993,-0.6295841,-2.3461,-1.4219333,-2.0954
293,-1.9029,0.057037,0.32498,0.17872,-0.96946335,-1.093075,-1.0787201,0.35156998,-0.80043,-1.302657,-1.0235,-0.40173,-1.0784,-0.20992236,-1.4348816,4.262367,0.17103,-1.0240453,2.3319,-0.79572004,-2.4942
294,-5.549,-1.5761,1.9705,-4.4476,2.02046,-1.4911525,-2.17916,-2.0728917,-0.93326,-0.04049619,-4.2647,-0.93474,-1.1471,-1.2315149,-0.65924436,4.534163,-1.2465563,-1.4768758,-3.9137,1.52624,2.2033
295,-2.6549,3.1577,1.682,1.2867,-1.47354,-2.5278826,-0.560335,0.28673002,-1.2106,0.20110421,-1.6897,-0.066344,1.0466,-0.7865923,-0.37864918,1.5186334,0.39844382,0.49091992,0.10678,-0.86237335,1.1423
296,2.9706,2.142,0.015045,3.9257,-0.58425665,2.92105,0.5555975,1.06115,3.0439,0.49863538,1.9945,0.48962,-0.13953,0.51359993,1.6990442,8.1279,0.89824337,1.1014658,0.91067,-0.73606664,0.26991
297,3.0305,-2.0482,0.73477,1.2651,0.82450336,-3.6635025,-4.4936247,-6.202133,-8.0979,0.556696,-5.4351,-0.0048898,-1.0745,-0.8138377,-3.0684054,-2.0022967,-2.7337255,-3.8461046,-5.8301,0.71779996,-1.3282
298,2.7041,-1.6851,0.87129,2.089,-0.23108335,2.2280626,2.1308725,1.7869416,1.3876,0.81160784,2.66,1.2473,-3.0517,1.5177413,-0.7221768,1.2902867,-1.3150536,-0.22449693,3.5006,-0.6851933,-0.051418
299,2.4696,-0.30437,-2.2344,-0.027615,2.2080033,0.23063502,2.8581424,2.525078,-1.1203,2.7216225,2.9105,-0.41395,-0.37031,0.7172415,1.9085315,5.356134,1.575438,1.3893269,0.28432,1.2211667,2.1121
